DeviceId,Time,x,y,z
test10,12/5/2019 11:28:00 AM,352.6,78.36,358.47
test10,12/5/2019 11:28:03 AM,354.73,78.17,358.89
test10,12/5/2019 11:28:05 AM,354.57,78.25,358.87
test10,12/5/2019 11:28:07 AM,355.89,77.86,359.11
test10,12/5/2019 11:28:09 AM,356.78,78.66,359.35
test10,12/5/2019 11:28:11 AM,357.45,78.16,359.46
test10,12/5/2019 11:28:13 AM,348.73,72.43,356.39
test10,12/5/2019 11:28:15 AM,341.84,70.07,353.22
test10,12/5/2019 11:28:18 AM,344.13,69.68,353.99
test10,12/5/2019 11:28:20 AM,346.03,69.61,354.71
test10,12/5/2019 11:28:22 AM,341.17,70.66,353.18
test10,12/5/2019 11:28:25 AM,341.64,71.04,353.5
test10,12/5/2019 11:28:27 AM,337.43,71.63,352.14
test10,12/5/2019 11:28:29 AM,340.1,71.13,352.95
test10,12/5/2019 11:28:31 AM,344.63,69.77,354.22
test10,12/5/2019 11:28:34 AM,348.95,66.69,355.19
test10,12/5/2019 11:28:36 AM,348.77,66.84,355.15
test10,12/5/2019 11:28:38 AM,348.67,66.85,355.11
test10,12/5/2019 11:28:40 AM,346.9,66.59,354.25
test10,12/5/2019 11:28:42 AM,349.51,65.71,355.22
test10,12/5/2019 11:28:45 AM,342.73,68.28,352.94
test10,12/5/2019 11:28:47 AM,334.85,70.34,350.48
test10,12/5/2019 11:28:49 AM,339.19,68.74,351.59
test10,12/5/2019 11:28:51 AM,336.29,70.04,350.94
test10,12/5/2019 11:28:54 AM,344.57,67.48,353.47
test10,12/5/2019 11:28:56 AM,348.31,67.23,355.04
test10,12/5/2019 11:28:58 AM,346.5,66.71,354.1
test10,12/5/2019 11:29:00 AM,343.63,67.27,352.98
test10,12/5/2019 11:29:02 AM,344.44,68.1,353.61
test10,12/5/2019 11:29:04 AM,346.07,67.23,354.06
test10,12/5/2019 11:29:07 AM,346.51,66.05,353.92
test10,12/5/2019 11:29:09 AM,349.43,65.71,355.19
test10,12/5/2019 11:29:11 AM,348.45,67.03,355.05
test10,12/5/2019 11:29:13 AM,349.49,66.05,355.29
test10,12/5/2019 11:29:16 AM,349.57,65.71,355.25
test10,12/5/2019 11:29:18 AM,348.42,65.58,354.69
test10,12/5/2019 11:29:20 AM,348.68,65.81,354.86
test10,12/5/2019 11:29:22 AM,345.59,67.26,353.85
test10,12/5/2019 11:29:24 AM,342.57,67.02,352.42
test10,12/5/2019 11:29:26 AM,346.32,65.37,353.63
test10,12/5/2019 11:29:29 AM,345.9,66.4,353.74
test10,12/5/2019 11:29:31 AM,344.79,66.25,353.18
test10,12/5/2019 11:29:33 AM,344.97,66.82,353.44
test10,12/5/2019 11:29:35 AM,344.46,66.61,353.14
test10,12/5/2019 11:29:37 AM,342.25,67.85,352.57
test10,12/5/2019 11:29:39 AM,344.82,66.16,353.16
test10,12/5/2019 11:29:41 AM,340.51,68.12,351.91
test10,12/5/2019 11:29:44 AM,342.26,67.72,352.53
test10,12/5/2019 11:29:46 AM,339.7,68.27,351.61
test10,12/5/2019 11:29:48 AM,342.26,68.21,352.71
test10,12/5/2019 11:29:50 AM,341.81,68.24,352.53
test10,12/5/2019 11:29:52 AM,341.43,67.87,352.22
test10,12/5/2019 11:29:54 AM,340.98,68.28,352.18
test10,12/5/2019 11:29:56 AM,341.46,68.78,352.58
test10,12/5/2019 11:29:59 AM,341.93,67.93,352.47
test10,12/5/2019 11:30:01 AM,342.07,68.09,352.59
test10,12/5/2019 11:30:03 AM,341.37,68.55,352.45
test10,12/5/2019 11:30:06 AM,341.38,68.21,352.33
test10,12/5/2019 11:30:08 AM,353,63.91,356.56
test10,12/5/2019 11:30:11 AM,352.79,64.44,356.54
test10,12/5/2019 11:30:13 AM,353.51,63.97,356.82
test10,12/5/2019 11:30:15 AM,352.3,64.36,356.29
test10,12/5/2019 11:30:18 AM,351.06,65.36,355.87
test10,12/5/2019 11:30:20 AM,332.16,71.48,349.97
test10,12/5/2019 11:30:22 AM,337.12,68.81,350.71
test10,12/5/2019 11:30:24 AM,338.83,68.26,351.22
test10,12/5/2019 11:30:26 AM,340.24,68.24,351.84
test10,12/5/2019 11:30:29 AM,351.14,66.98,356.21
test10,12/5/2019 11:30:31 AM,356.44,65.52,358.38
test10,12/5/2019 11:30:33 AM,17.43,65.77,8.04
test10,12/5/2019 11:30:35 AM,23.15,69.42,9.12
test10,12/5/2019 11:30:37 AM,19.4,68.36,7.95
test10,12/5/2019 11:30:40 AM,26.04,70.1,10.03
test10,12/5/2019 11:30:42 AM,24.31,68.91,9.88
test10,12/5/2019 11:30:44 AM,23.64,67.08,10.49
test10,12/5/2019 11:30:46 AM,23.83,70.31,8.98
test10,12/5/2019 11:30:49 AM,8.98,70.15,3.27
test10,12/5/2019 11:30:51 AM,41.41,78.94,9.79
test10,12/5/2019 11:30:53 AM,26.87,53.27,20.71
test10,12/5/2019 11:30:55 AM,24.07,55.84,16.86
test10,12/5/2019 11:30:57 AM,30.03,56.03,21.28
test10,12/5/2019 11:31:00 AM,32.67,61.27,19.37
test10,12/5/2019 11:31:02 AM,21.72,50.43,18.23
test10,12/5/2019 11:31:04 AM,36.21,63.69,19.9
test10,12/5/2019 11:31:06 AM,34.16,62.68,19.32
test10,12/5/2019 11:31:09 AM,34.15,62.26,19.63
test10,12/5/2019 11:31:11 AM,34.21,62.96,19.14
test10,12/5/2019 11:31:13 AM,31.6,62.06,18.08
test10,12/5/2019 11:31:15 AM,32.44,62.04,18.64
test10,12/5/2019 11:31:18 AM,26.72,62.03,14.96
test10,12/5/2019 11:31:20 AM,26.68,61.24,15.42
test10,12/5/2019 11:31:22 AM,27.39,61.86,15.49
test10,12/5/2019 11:31:24 AM,27.84,61.5,16
test10,12/5/2019 11:31:27 AM,353.35,73.26,357.99
test10,12/5/2019 11:31:29 AM,12.41,71.36,4.24
test10,12/5/2019 11:31:31 AM,10.54,73.31,3.19
test10,12/5/2019 11:31:33 AM,331.62,77.09,352.94
test10,12/5/2019 11:31:35 AM,350.31,73.56,357.12
test10,12/5/2019 11:31:38 AM,344.99,76.51,356.32
test10,12/5/2019 11:31:40 AM,332.8,80.18,354.91
test10,12/5/2019 11:31:42 AM,337.02,78.5,355.07
test10,12/5/2019 11:31:44 AM,339.89,77.54,355.37
test10,12/5/2019 11:31:46 AM,18.58,74.85,5.2
test10,12/5/2019 11:31:48 AM,348.92,72.03,356.37
test10,12/5/2019 11:31:51 AM,351.26,71.03,356.97
test10,12/5/2019 11:31:53 AM,350.23,73.14,357.01
test10,12/5/2019 11:31:55 AM,355.36,71.26,358.42
test10,12/5/2019 11:31:57 AM,350.79,71.29,356.86
test10,12/5/2019 11:31:59 AM,6.36,69.14,2.43
test10,12/5/2019 11:32:02 AM,6.09,71.72,2.02
test10,12/5/2019 11:32:04 AM,5.65,71.61,1.88
test10,12/5/2019 11:32:06 AM,359.11,71.57,359.7
test10,12/5/2019 11:32:08 AM,358.82,72.49,359.63
test10,12/5/2019 11:32:10 AM,15.78,70.25,5.79
test10,12/5/2019 11:32:13 AM,13.93,67.39,5.9
test10,12/5/2019 11:32:15 AM,15.03,67.92,6.22
test10,12/5/2019 11:32:17 AM,25.72,68.46,10.77
test10,12/5/2019 11:32:19 AM,25,62.69,13.54
test10,12/5/2019 11:32:21 AM,24.62,61.28,14.1
test10,12/5/2019 11:32:24 AM,27.34,62.47,15.08
test10,12/5/2019 11:32:26 AM,27.08,62.39,14.97
test10,12/5/2019 11:32:28 AM,25.22,61.65,14.26
test10,12/5/2019 11:32:30 AM,8.38,58.78,5.1
test10,12/5/2019 11:32:33 AM,10.51,59.99,6.11
test10,12/5/2019 11:32:35 AM,30.42,66.14,14.56
test10,12/5/2019 11:32:37 AM,30.94,62.93,17.03
test10,12/5/2019 11:32:39 AM,27.84,65,13.84
test10,12/5/2019 11:32:41 AM,27.8,64.32,14.22
test10,12/5/2019 11:32:44 AM,25.61,65.75,12.19
test10,12/5/2019 11:32:46 AM,27.04,66.8,12.34
test10,12/5/2019 11:32:48 AM,28.02,62.68,15.37
test10,12/5/2019 11:32:50 AM,27.6,62.59,15.17
test10,12/5/2019 11:32:52 AM,28.63,63.14,15.46
test10,12/5/2019 11:32:55 AM,26.25,62.07,14.65
test10,12/5/2019 11:32:57 AM,26.4,61.39,15.15
test10,12/5/2019 11:32:59 AM,27.63,62.24,15.4
test10,12/5/2019 11:33:01 AM,28.51,63.27,15.3
test10,12/5/2019 11:33:03 AM,27.96,62.81,15.25
test10,12/5/2019 11:33:06 AM,29.14,61.8,16.64
test10,12/5/2019 11:33:08 AM,12.21,64.7,5.84
test10,12/5/2019 11:33:10 AM,19.68,57.5,12.84
test10,12/5/2019 11:33:12 AM,19.45,63.55,9.97
test10,12/5/2019 11:33:14 AM,15.25,65.31,7.14
test10,12/5/2019 11:33:17 AM,13.48,63.41,6.84
test10,12/5/2019 11:33:19 AM,6.76,63.23,3.42
test10,12/5/2019 11:33:21 AM,9.47,63.95,4.66
test10,12/5/2019 11:33:23 AM,23.24,55.51,16.43
test10,12/5/2019 11:33:25 AM,359.82,65.24,359.92
test10,12/5/2019 11:33:28 AM,8.58,61.69,4.65
test10,12/5/2019 11:33:30 AM,14.77,62.59,7.78
test10,12/5/2019 11:33:32 AM,11.78,64.34,5.72
test10,12/5/2019 11:33:35 AM,10.45,67.44,4.38
test10,12/5/2019 11:33:37 AM,0.53,63.17,0.27
test10,12/5/2019 11:33:39 AM,12.01,62.34,6.36
test10,12/5/2019 11:33:42 AM,19.02,64.24,9.44
test10,12/5/2019 11:33:44 AM,14.2,62.63,7.46
test10,12/5/2019 11:33:46 AM,13.09,62.86,6.8
test10,12/5/2019 11:33:48 AM,11.96,62.42,6.31
test10,12/5/2019 11:33:51 AM,8.27,58.73,5.04
test10,12/5/2019 11:33:53 AM,12.3,60.91,6.92
test10,12/5/2019 11:33:55 AM,12.74,60.52,7.28
test10,12/5/2019 11:33:57 AM,16.2,60.73,9.25
test10,12/5/2019 11:33:59 AM,14.56,59.32,8.76
test10,12/5/2019 11:34:02 AM,12.53,60.31,7.22
test10,12/5/2019 11:34:04 AM,15.4,61.1,8.65
test10,12/5/2019 11:34:06 AM,14.18,60.58,8.11
test10,12/5/2019 11:34:08 AM,14.45,62.26,7.72
test10,12/5/2019 11:34:10 AM,14.11,61.26,7.85
test10,12/5/2019 11:34:50 AM,14.48,61.36,8.03
test10,12/5/2019 11:34:52 AM,27.21,64.63,13.7
test10,12/5/2019 11:34:55 AM,24.57,64.56,12.27
test10,12/5/2019 11:34:57 AM,26.78,63.51,14.12
test10,12/5/2019 11:34:59 AM,26.2,62.79,14.2
test10,12/5/2019 11:35:01 AM,25.09,62.81,13.52
test10,12/5/2019 11:35:03 AM,25.5,62.97,13.67
test10,12/5/2019 11:35:05 AM,26.13,63.69,13.64
test10,12/5/2019 11:35:07 AM,25.41,62.91,13.66
test10,12/5/2019 11:35:10 AM,24.88,62.34,13.67
test10,12/5/2019 11:35:12 AM,332.41,70.86,349.72
test10,12/5/2019 11:35:14 AM,1.89,57,1.23
test10,12/5/2019 11:35:16 AM,3.61,56.83,2.36
test10,12/5/2019 11:35:18 AM,4.51,56.63,2.98
test10,12/5/2019 11:35:20 AM,3.17,55.45,2.19
test10,12/5/2019 11:35:23 AM,4.39,57.26,2.83
test10,12/5/2019 11:35:25 AM,4.92,57.3,3.16
test10,12/5/2019 11:35:27 AM,348.23,66.02,354.7
test10,12/5/2019 11:35:29 AM,4.46,66.76,1.92
test10,12/5/2019 11:35:31 AM,358.68,65.12,359.39
test10,12/5/2019 11:35:33 AM,2.11,59.62,1.24
test10,12/5/2019 11:35:36 AM,0.26,60.03,0.15
test10,12/5/2019 11:35:38 AM,358.67,63.55,359.34
test10,12/5/2019 11:35:40 AM,3.91,61.67,2.11
test10,12/5/2019 11:35:42 AM,0.64,62.7,0.33
test10,12/5/2019 11:35:45 AM,1.15,62.94,0.59
test10,12/5/2019 11:35:47 AM,14.13,57.15,9.24
test10,12/5/2019 11:35:49 AM,1.87,59.21,1.11
test10,12/5/2019 11:35:51 AM,3.05,60.06,1.76
test10,12/5/2019 11:35:53 AM,4.98,60.05,2.87
test10,12/5/2019 11:35:56 AM,5.68,59.12,3.4
test10,12/5/2019 11:35:58 AM,5.58,59.76,3.26
test10,12/5/2019 11:36:00 AM,8.41,62.43,4.41
test10,12/5/2019 11:36:02 AM,6.85,62.46,3.58
test10,12/5/2019 11:36:05 AM,7.61,62.37,4
test10,12/5/2019 11:36:07 AM,10.87,61.32,6
test10,12/5/2019 11:36:09 AM,8.3,62.49,4.34
test10,12/5/2019 11:36:11 AM,347.05,75.7,356.65
test10,12/5/2019 11:36:13 AM,359.14,66.46,359.63
test10,12/5/2019 11:36:16 AM,354.16,64.07,357.15
test10,12/5/2019 11:36:18 AM,353.53,65.04,356.98
test10,12/5/2019 11:36:20 AM,0.91,67.53,0.38
test10,12/5/2019 11:36:22 AM,359.99,65.53,359.99
test10,12/5/2019 11:36:24 AM,356.68,64.67,358.43
test10,12/5/2019 11:36:26 AM,359.72,64.78,359.87
test10,12/5/2019 11:36:29 AM,21.61,63.76,11.05
test10,12/5/2019 11:36:31 AM,8.73,67.44,3.65
test10,12/5/2019 11:36:33 AM,10.73,59.09,6.47
test10,12/5/2019 11:36:35 AM,357.37,61.89,358.59
test10,12/5/2019 11:36:37 AM,354.91,59.19,356.96
test10,12/5/2019 11:36:40 AM,355.34,59.88,357.29
test10,12/5/2019 11:36:42 AM,356.95,60.34,358.26
test10,12/5/2019 11:36:44 AM,356.93,60.24,358.24
test10,12/5/2019 11:36:46 AM,355.54,60.35,357.46
test10,12/5/2019 11:36:48 AM,356.84,59.72,358.15
test10,12/5/2019 11:36:50 AM,9.43,52.43,7.28
test10,12/5/2019 11:36:53 AM,6.49,58.89,3.93
test10,12/5/2019 11:36:55 AM,9.52,56.78,6.26
test10,12/5/2019 11:36:57 AM,7.63,55.14,5.33
test10,12/5/2019 11:36:59 AM,8.81,56.03,5.96
test10,12/5/2019 11:37:01 AM,7.56,55.74,5.16
test10,12/5/2019 11:37:03 AM,6.82,55.82,4.64
test10,12/5/2019 11:37:05 AM,6.97,55.47,4.81
test10,12/5/2019 11:37:08 AM,7.92,57.52,5.06
test10,12/5/2019 11:37:10 AM,7.14,56.79,4.69
test10,12/5/2019 11:37:12 AM,7.52,56.51,4.99
test10,12/5/2019 11:37:14 AM,7.42,55.9,5.04
test10,12/5/2019 11:37:16 AM,7.73,55.47,5.33
test10,12/5/2019 11:37:18 AM,8.2,56.3,5.49
test10,12/5/2019 11:37:21 AM,8.21,56.57,5.44
test10,12/5/2019 11:37:23 AM,5.05,60.59,2.85
test10,12/5/2019 11:37:25 AM,4.41,61.35,2.41
test10,12/5/2019 11:37:27 AM,2.18,60.91,1.21
test10,12/5/2019 11:37:29 AM,5.68,62.21,3
test10,12/5/2019 11:37:31 AM,2.23,62.03,1.18
test10,12/5/2019 11:37:34 AM,2.9,61.75,1.56
test10,12/5/2019 11:37:36 AM,2.72,60.43,1.54
test10,12/5/2019 11:37:38 AM,3.05,61.97,1.62
test10,12/5/2019 11:37:40 AM,3.2,59.95,1.85
test10,12/5/2019 11:37:42 AM,3.93,59.93,2.28
test10,12/5/2019 11:37:45 AM,3.87,59.96,2.24
test10,12/5/2019 11:37:47 AM,3.82,59.67,2.24
test10,12/5/2019 11:37:49 AM,2.98,59.19,1.78
test10,12/5/2019 11:37:51 AM,3.23,59.95,1.87
test10,12/5/2019 11:37:53 AM,5.27,60.19,3.02
test10,12/5/2019 11:37:55 AM,2.16,58.83,1.3
test10,12/5/2019 11:37:58 AM,3.17,60.06,1.83
test10,12/5/2019 11:38:00 AM,3.39,60.81,1.9
test10,12/5/2019 11:38:02 AM,3.3,60.86,1.84
test10,12/5/2019 11:38:04 AM,4.45,60.48,2.52
test10,12/5/2019 11:38:06 AM,2.72,60.59,1.53
test10,12/5/2019 11:38:09 AM,1.04,58.94,0.63
test10,12/5/2019 11:38:11 AM,4.07,60.46,2.31
test10,12/5/2019 11:38:13 AM,4.84,59.7,2.83
test10,12/5/2019 11:38:15 AM,3.68,59.18,2.2
test10,12/5/2019 11:38:17 AM,5.8,59.54,3.42
test10,12/5/2019 11:38:20 AM,4.55,59.32,2.7
test10,12/5/2019 11:38:22 AM,329.84,71.02,348.7
test10,12/5/2019 11:38:24 AM,343.42,66.75,352.71
test10,12/5/2019 11:38:26 AM,348.4,65.19,354.58
test10,12/5/2019 11:38:28 AM,347.98,65.9,354.56
test10,12/5/2019 11:38:31 AM,349.37,64.96,354.99
test10,12/5/2019 11:38:33 AM,348.72,64.09,354.47
test10,12/5/2019 11:38:35 AM,346.5,67.01,354.18
test10,12/5/2019 11:38:38 AM,349.23,65.24,354.99
test10,12/5/2019 11:38:40 AM,350.01,65.25,355.36
test10,12/5/2019 11:38:42 AM,350.24,65.34,355.49
test10,12/5/2019 11:38:44 AM,350.99,65.39,355.84
test10,12/5/2019 11:38:46 AM,351.06,65.12,355.83
test10,12/5/2019 11:38:48 AM,351.37,64.41,355.84
test10,12/5/2019 11:38:51 AM,351.46,65.18,356.03
test10,12/5/2019 11:38:53 AM,352.93,65.3,356.73
test10,12/5/2019 11:38:55 AM,351.46,64.13,355.84
test10,12/5/2019 11:38:57 AM,349.99,65.29,355.35
test10,12/5/2019 11:38:59 AM,350.28,64.52,355.33
test10,12/5/2019 11:39:01 AM,353.57,65.14,357.01
test10,12/5/2019 11:39:04 AM,352.07,65.68,356.4
test10,12/5/2019 11:39:06 AM,352.52,64.41,356.4
test10,12/5/2019 11:39:08 AM,350.73,63.81,355.41
test10,12/5/2019 11:39:10 AM,349.85,64.97,355.22
test10,12/5/2019 11:39:12 AM,352.42,63.55,356.21
test10,12/5/2019 11:39:14 AM,355.45,62.75,357.65
test10,12/5/2019 11:39:16 AM,354.45,64.28,357.32
test10,12/5/2019 11:39:19 AM,355.26,64.15,357.7
test10,12/5/2019 11:39:21 AM,358.71,62.63,359.33
test10,12/5/2019 11:39:23 AM,1.73,76.17,0.43
test10,12/5/2019 11:39:25 AM,328.55,80.63,354.24
test10,12/5/2019 11:39:27 AM,329.87,75.87,351.69
test10,12/5/2019 11:39:29 AM,326.21,78.35,352.14
test10,12/5/2019 11:39:31 AM,352.99,79.22,358.66
test10,12/5/2019 11:39:34 AM,335.94,81.15,356.02
test10,12/5/2019 11:39:36 AM,332.14,78.42,353.82
test10,12/5/2019 11:39:38 AM,329.66,78.5,353.21
test10,12/5/2019 11:39:40 AM,323.16,78.8,351.57
test10,12/5/2019 11:39:42 AM,354.32,80.48,359.04
test10,12/5/2019 11:39:44 AM,3.48,71.09,1.19
test10,12/5/2019 11:39:46 AM,1.1,71.76,0.36
test10,12/5/2019 11:39:49 AM,354.72,68.62,357.93
test10,12/5/2019 11:39:51 AM,358.09,70.63,359.33
test10,12/5/2019 11:39:53 AM,352.48,64.53,356.4
test10,12/5/2019 11:39:55 AM,357.47,66.14,358.88
test10,12/5/2019 11:39:57 AM,357.03,66.66,358.72
test10,12/5/2019 11:40:00 AM,13.16,70.78,4.66
test10,12/5/2019 11:40:02 AM,18.18,74.61,5.17
test10,12/5/2019 11:40:04 AM,31.79,70.73,12.22
test10,12/5/2019 11:40:06 AM,358.42,64.21,359.24
test10,12/5/2019 11:40:08 AM,358.48,63.91,359.26
test10,12/5/2019 11:40:11 AM,352.3,66.56,356.64
test10,12/5/2019 11:40:13 AM,354.63,63.19,357.28
test10,12/5/2019 11:40:15 AM,310.92,85.5,354.82
test10,12/5/2019 11:40:18 AM,348.09,77.47,357.32
test10,12/5/2019 11:40:20 AM,358.3,76.79,359.6
test10,12/5/2019 11:40:22 AM,358.32,77.14,359.62
test10,12/5/2019 11:40:24 AM,353.45,79.07,358.73
test10,12/5/2019 11:40:27 AM,310.4,77.92,345.88
test10,12/5/2019 11:40:29 AM,339.66,79.28,355.99
test10,12/5/2019 11:40:31 AM,345.8,77.37,356.75
test10,12/5/2019 11:40:33 AM,348.79,78.06,357.6
test10,12/5/2019 12:15:16 PM,225,225,225
test10,12/5/2019 12:15:18 PM,225,225,225
test10,12/5/2019 12:15:20 PM,225,225,225
test10,12/5/2019 12:15:23 PM,225,225,225
test10,12/5/2019 12:15:25 PM,225,225,225
test10,12/5/2019 12:15:27 PM,225,225,225
test10,12/5/2019 12:15:29 PM,225,225,225
test10,12/5/2019 12:15:31 PM,225,225,225
test10,12/5/2019 12:15:34 PM,225,225,225
test10,12/5/2019 12:15:36 PM,225,225,225
test10,12/5/2019 12:15:38 PM,225,225,225
test10,12/5/2019 12:15:40 PM,225,225,225
test10,12/5/2019 12:15:42 PM,225,225,225
test10,12/5/2019 12:15:45 PM,225,225,225
test10,12/5/2019 12:15:47 PM,225,225,225
test10,12/5/2019 12:15:49 PM,225,225,225
test10,12/5/2019 12:15:51 PM,225,225,225
test10,12/5/2019 12:15:53 PM,225,225,225
test10,12/5/2019 12:15:56 PM,225,225,225
test10,12/5/2019 12:15:58 PM,225,225,225
test10,12/5/2019 12:16:00 PM,225,225,225
test10,12/5/2019 12:16:02 PM,225,225,225
test10,12/5/2019 12:16:05 PM,225,225,225
test10,12/5/2019 12:16:07 PM,225,225,225
test10,12/5/2019 12:16:09 PM,225,225,225
test10,12/5/2019 12:16:11 PM,225,225,225
test10,12/5/2019 12:16:14 PM,225,225,225
test10,12/5/2019 12:16:16 PM,225,225,225
test10,12/5/2019 12:16:18 PM,225,225,225
test10,12/5/2019 12:16:20 PM,225,225,225
test10,12/5/2019 12:16:23 PM,225,225,225
test10,12/5/2019 12:16:25 PM,225,225,225
test10,12/5/2019 12:16:28 PM,225,225,225
test10,12/5/2019 12:16:30 PM,225,225,225
test10,12/5/2019 12:16:32 PM,225,225,225
test10,12/5/2019 12:16:34 PM,225,225,225
test10,12/5/2019 12:16:37 PM,225,225,225
test10,12/5/2019 12:16:39 PM,225,225,225
test10,12/5/2019 12:17:54 PM,225,225,225
test10,12/5/2019 12:17:57 PM,1.08,348.09,174.89
test10,12/5/2019 12:17:59 PM,1.88,347.85,171.34
test10,12/5/2019 12:18:01 PM,93.08,113.78,83.04
test10,12/5/2019 12:18:03 PM,34.49,32.01,47.69
test10,12/5/2019 12:18:06 PM,32.89,74.9,9.9
test10,12/5/2019 12:18:08 PM,20.17,345.54,125.07
test10,12/5/2019 12:18:10 PM,29.43,20.16,56.94
test10,12/5/2019 12:18:12 PM,1.75,347.64,172.07
test10,12/6/2019 10:01:20 AM,225,225,225
test10,12/6/2019 10:01:22 AM,21.09,70.78,7.66
test10,12/6/2019 10:01:24 AM,20.39,70.23,7.61
test10,12/6/2019 10:01:27 AM,16.63,68.77,6.62
test10,12/6/2019 10:01:29 AM,22.17,71.28,7.86
test10,12/6/2019 10:01:31 AM,20.96,72.95,6.7
test10,12/6/2019 10:01:33 AM,22.98,71.34,8.15
test10,12/6/2019 10:01:35 AM,19.59,67.93,8.21
test10,12/6/2019 10:01:37 AM,13.4,65,6.34
test10,12/6/2019 10:01:40 AM,22.72,55.02,16.33
test10,12/6/2019 10:01:42 AM,28.88,49.81,24.99
test10,12/6/2019 10:01:44 AM,60.71,52.94,53.4
test10,12/6/2019 10:01:46 AM,47.96,72.24,19.56
test10,12/6/2019 10:01:48 AM,14.37,71.42,4.92
test10,12/6/2019 10:01:50 AM,6.39,56.59,4.22
test10,12/6/2019 10:01:53 AM,15.83,54.13,11.59
test10,12/6/2019 10:01:55 AM,16.1,53.29,12.14
test10,12/6/2019 10:01:57 AM,50.41,65.96,28.35
test10,12/6/2019 10:01:59 AM,350.08,81.88,358.57
test10,12/6/2019 10:02:01 AM,356.95,82.08,359.58
test10,12/6/2019 10:02:03 AM,346.95,83.23,358.42
test10,12/6/2019 10:02:06 AM,4.92,83.57,0.56
test10,12/6/2019 10:02:08 AM,318.55,84.87,355.47
test10,12/6/2019 10:02:10 AM,357.47,83.11,359.69
test10,12/6/2019 10:02:12 AM,349.56,85.31,359.13
test10,12/6/2019 10:02:15 AM,10.83,84.29,1.1
test10,12/6/2019 10:02:17 AM,343.65,85.49,358.67
test10,12/6/2019 10:02:19 AM,349.25,86.45,359.32
test10,12/6/2019 10:02:21 AM,291.27,89.12,357.73
test10,12/6/2019 10:02:24 AM,337.58,87.43,358.94
test10,12/6/2019 10:02:26 AM,318.21,88.28,358.46
test10,12/6/2019 10:02:28 AM,313.31,88.49,358.4
test10,12/6/2019 10:02:30 AM,327.32,88.69,359.16
test10,12/6/2019 10:02:32 AM,319.99,88.1,358.41
test10,12/6/2019 10:02:35 AM,325.16,88.25,358.78
test10,12/6/2019 10:02:37 AM,342.71,85.72,358.66
test10,12/6/2019 10:02:39 AM,337.8,86.85,358.72
test10,12/6/2019 10:02:42 AM,354.54,85.58,359.58
test10,12/6/2019 10:02:44 AM,337.12,85.89,358.26
test10,12/6/2019 10:02:46 AM,340.14,87.95,359.26
test10,12/6/2019 10:02:49 AM,339.61,87.67,359.13
test10,12/6/2019 10:02:51 AM,327.68,88.81,359.24
test10,12/6/2019 10:02:53 AM,272.24,89.95,358.74
test10,12/6/2019 10:02:55 AM,330.13,89.09,359.47
test10,12/6/2019 10:02:58 AM,322.03,88.8,359.06
test10,12/6/2019 10:03:00 AM,334.7,89.24,359.64
test10,12/6/2019 10:03:02 AM,350.33,88.61,359.76
test10,12/6/2019 10:03:05 AM,347.3,88.7,359.71
test10,12/6/2019 10:03:07 AM,353.3,87.96,359.76
test10,12/6/2019 10:03:09 AM,290.14,89.83,359.52
test10,12/6/2019 10:03:11 AM,305.75,89.12,358.77
test10,12/6/2019 10:03:14 AM,355.86,88.19,359.87
test10,12/6/2019 10:03:16 AM,348.4,88.51,359.69
test10,12/6/2019 10:03:18 AM,348.97,88.57,359.72
test10,12/6/2019 10:03:20 AM,348.46,88.03,359.6
test10,12/6/2019 10:03:23 AM,301.32,89.66,359.45
test10,12/6/2019 10:03:25 AM,2.92,89.33,0.03
test10,12/6/2019 10:03:27 AM,324.58,89.38,359.56
test10,12/6/2019 10:03:30 AM,343.23,89.21,359.76
test10,12/6/2019 10:03:32 AM,261.09,90.08,359.52
test10,12/6/2019 10:03:34 AM,342.09,89.23,359.75
test10,12/6/2019 10:03:36 AM,252.35,90.62,358.07
test10,12/6/2019 10:03:39 AM,1,87.17,0.05
test10,12/6/2019 10:03:41 AM,355.19,87.27,359.77
test10,12/6/2019 10:03:43 AM,356.27,86.16,359.75
test10,12/6/2019 10:03:45 AM,340.53,87.21,359.01
test10,12/6/2019 10:03:49 AM,342.23,87.2,359.1
test10,12/6/2019 10:03:51 AM,342.13,77.63,355.95
test10,12/6/2019 10:03:54 AM,337.42,77.8,354.86
test10,12/6/2019 10:03:56 AM,343.79,77.98,356.46
test10,12/6/2019 10:03:58 AM,341.34,76.4,355.33
test10,12/6/2019 10:04:00 AM,342.27,77.13,355.82
test10,12/6/2019 10:04:02 AM,343.94,78.12,356.53
test10,12/6/2019 10:04:05 AM,350.68,77.34,357.89
test10,12/6/2019 10:04:07 AM,340.22,76.86,355.2
test10,12/6/2019 10:04:09 AM,346.05,76.6,356.61
test10,12/6/2019 10:04:11 AM,347.03,76.9,356.93
test10,12/6/2019 10:04:14 AM,353.06,76.63,358.34
test10,12/6/2019 10:04:16 AM,349.97,80.94,358.38
test10,12/6/2019 10:04:18 AM,349.5,79.83,358.1
test10,12/6/2019 10:04:20 AM,343.78,81.54,357.52
test10,12/6/2019 10:04:23 AM,345.71,80.01,357.43
test10,12/6/2019 10:04:25 AM,347.95,81.9,358.26
test10,12/6/2019 10:04:29 AM,351.4,79.55,358.4
test10,12/6/2019 10:04:31 AM,355.67,80.18,359.25
test10,12/6/2019 10:04:33 AM,345.55,80.81,357.61
test10,12/6/2019 10:04:36 AM,353.08,77.96,358.52
test10,12/6/2019 10:04:38 AM,348.65,78.92,357.75
test10,12/6/2019 10:04:40 AM,343.5,79.67,356.91
test10,12/6/2019 10:04:42 AM,347.7,78.74,357.51
test10,12/6/2019 10:04:45 AM,348.56,79.69,357.89
test10,12/6/2019 10:04:47 AM,357.19,77.9,359.4
test10,12/6/2019 10:04:50 AM,344.97,77.5,356.59
test10,12/6/2019 10:04:53 AM,345.37,78.37,356.92
test10,12/6/2019 10:04:55 AM,335.45,79.88,355.34
test10,12/6/2019 10:04:57 AM,352.01,80.33,358.63
test10,12/6/2019 10:05:01 AM,345.45,77.62,356.74
test10,12/6/2019 10:05:03 AM,352.25,79.91,358.61
test10,12/6/2019 10:05:05 AM,353.45,80.97,358.95
test10,12/6/2019 10:05:07 AM,343.74,76.66,356.04
test10,12/6/2019 10:05:09 AM,347.68,78.04,357.35
test10,12/6/2019 10:05:12 AM,349.65,80.5,358.25
test10,12/6/2019 10:05:14 AM,9.15,79.86,1.65
test10,12/6/2019 10:05:16 AM,13.68,79.49,2.58
test10,12/6/2019 10:05:19 AM,17.65,81.15,2.83
test10,12/6/2019 10:05:21 AM,16.86,81.39,2.63
test10,12/6/2019 10:05:23 AM,14.73,81.01,2.38
test10,12/6/2019 10:05:25 AM,16.07,81.52,2.46
test10,12/6/2019 10:05:27 AM,313.47,87.02,356.86
test10,12/6/2019 10:05:30 AM,314.83,88.27,358.26
test10,12/6/2019 10:05:32 AM,326.74,87.86,358.6
test10,12/6/2019 10:05:34 AM,283.51,89.39,357.47
test10,12/6/2019 10:05:36 AM,146.92,107.5,11.6
test10,12/6/2019 10:05:39 AM,41.88,80.12,8.87
test10,12/6/2019 10:05:41 AM,102.5,92.72,12.09
test10,12/6/2019 10:05:43 AM,105.11,92.87,10.5
test10,12/6/2019 10:05:46 AM,131.86,96.86,7.65
test10,12/6/2019 10:05:48 AM,115.31,94.08,8.58
test10,12/6/2019 10:05:50 AM,106.45,92.88,9.68
test10,12/6/2019 10:05:52 AM,110.02,93.18,8.68
test10,12/6/2019 10:05:55 AM,111.1,93.38,8.7
test10,12/6/2019 10:05:57 AM,144.19,102.94,9.41
test10,12/6/2019 10:05:59 AM,111.73,93.39,8.45
test10,12/6/2019 10:06:01 AM,118.16,94.88,9.06
test10,12/6/2019 10:06:04 AM,108.8,93.22,9.38
test10,12/6/2019 10:06:06 AM,121.32,97.81,12.71
test10,12/6/2019 10:06:08 AM,120.48,96.25,10.55
test10,12/6/2019 10:06:10 AM,117.23,96.37,12.25
test10,12/6/2019 10:06:13 AM,117.54,97.34,13.87
test10,12/6/2019 10:06:15 AM,112.86,95.12,12
test10,12/6/2019 10:06:17 AM,109.79,93.59,9.89
test10,12/6/2019 10:06:19 AM,114.14,95.87,12.91
test10,12/6/2019 10:06:22 AM,106.39,93.31,11.11
test10,12/6/2019 10:06:24 AM,106.94,93.72,12.05
test10,12/6/2019 10:06:26 AM,105.15,93.33,12.14
test10,12/6/2019 10:06:28 AM,63.48,87.86,4.29
test10,12/6/2019 10:06:31 AM,48.25,88.56,1.62
test10,12/6/2019 10:06:33 AM,42.87,87.88,1.97
test10,12/6/2019 10:06:35 AM,16.54,87.33,0.79
test10,12/6/2019 10:06:37 AM,4.73,87.41,0.21
test10,12/6/2019 10:06:39 AM,8.82,87.21,0.43
test10,12/6/2019 10:06:42 AM,6.56,87.08,0.34
test10,12/6/2019 10:06:44 AM,358.99,86.58,359.94
test10,12/6/2019 10:06:46 AM,3.4,86.19,0.23
test10,12/6/2019 10:06:48 AM,21.46,87.7,0.91
test10,12/6/2019 10:06:50 AM,347.62,86.13,359.15
test10,12/6/2019 10:06:53 AM,349.45,85.83,359.22
test10,12/6/2019 10:06:55 AM,347.82,85.96,359.13
test10,12/6/2019 10:06:57 AM,64.56,85.94,8.49
test10,12/6/2019 10:06:59 AM,45.61,87.42,2.63
test10,12/6/2019 10:07:02 AM,41.54,86,3.55
test10,12/6/2019 10:07:04 AM,45.43,87.22,2.82
test10,12/6/2019 10:07:06 AM,50.5,86.64,4.07
test10,12/6/2019 10:07:08 AM,47.08,86,4.3
test10,12/6/2019 10:07:11 AM,44.04,85.77,4.09
test10,12/6/2019 10:07:13 AM,47.61,86.7,3.62
test10,12/6/2019 10:07:15 AM,56.93,87.34,4.08
test10,12/6/2019 10:07:17 AM,49.64,85.71,5.05
test10,12/6/2019 10:07:20 AM,60.37,87.41,4.54
test10,12/6/2019 10:07:22 AM,49,85.88,4.74
test10,12/6/2019 10:07:24 AM,55.79,86.86,4.61
test10,12/6/2019 10:07:26 AM,49.19,86.49,4.06
test10,12/6/2019 10:07:28 AM,61.96,87.89,3.96
test10,12/6/2019 10:07:31 AM,61.47,87.64,4.34
test10,12/6/2019 10:07:33 AM,61.27,87.03,5.42
test10,12/6/2019 10:07:35 AM,61.24,87.08,5.31
test10,12/6/2019 10:07:38 AM,63.73,87.57,4.91
test10,12/6/2019 10:07:40 AM,59.6,86.9,5.28
test10,12/6/2019 10:07:42 AM,65.29,87.32,5.8
test10,12/6/2019 10:07:44 AM,58.23,86.43,5.75
test10,12/6/2019 10:07:47 AM,60.62,87.12,5.1
test10,12/6/2019 10:07:49 AM,68.05,87.7,5.7
test10,12/6/2019 10:07:51 AM,66.48,87.7,5.27
test10,12/6/2019 10:07:53 AM,62.88,86.91,6.02
test10,12/6/2019 10:07:55 AM,66.43,87.33,6.11
test10,12/6/2019 10:07:58 AM,68.7,87.6,6.12
test10,12/6/2019 10:08:00 AM,65.64,87.37,5.78
test10,12/6/2019 10:08:02 AM,67.22,87.6,5.71
test10,12/6/2019 10:08:04 AM,63.01,87.13,5.62
test10,12/6/2019 10:08:06 AM,64.66,87.61,5.04
test10,12/6/2019 10:08:09 AM,75.94,88.71,5.15
test10,12/6/2019 10:08:11 AM,75.76,88.65,5.31
test10,12/6/2019 10:08:13 AM,57.25,88.6,2.17
test10,12/6/2019 10:08:16 AM,65.64,89.52,1.06
test10,12/6/2019 10:08:18 AM,81.98,89.7,2.09
test10,12/6/2019 10:08:20 AM,73.23,89.4,2
test10,12/6/2019 10:08:22 AM,56.85,88.78,1.87
test10,12/6/2019 10:08:25 AM,84.25,89.48,5.12
test10,12/6/2019 10:08:27 AM,71.33,88.82,3.49
test10,12/6/2019 10:08:29 AM,61.23,88.32,3.06
test10,12/6/2019 10:08:31 AM,63.95,88.62,2.82
test10,12/6/2019 10:08:33 AM,77.49,89.35,2.94
test10,12/6/2019 10:08:36 AM,96.81,90.32,2.68
test10,12/6/2019 10:08:38 AM,101.25,90.63,3.19
test10,12/6/2019 10:08:40 AM,93.18,90.13,2.35
test10,12/6/2019 10:08:42 AM,68.45,88.99,2.56
test10,12/6/2019 10:08:45 AM,83.67,89.79,1.93
test10,12/6/2019 10:08:47 AM,107.45,90.74,2.34
test10,12/6/2019 10:08:49 AM,85.16,89.87,1.55
test10,12/6/2019 10:08:51 AM,249.97,90.1,359.72
test10,12/6/2019 10:08:54 AM,307.34,88.9,358.56
test10,12/6/2019 10:08:56 AM,297.22,89.06,358.18
test10,12/6/2019 10:08:58 AM,310.21,87.98,357.61
test10,12/6/2019 10:09:00 AM,337.11,87.56,358.97
test10,12/6/2019 10:09:03 AM,322.3,87.34,357.94
test10,12/6/2019 10:09:05 AM,330.97,86.63,358.13
test10,12/6/2019 10:09:07 AM,331.3,86.56,358.11
test10,12/6/2019 10:09:09 AM,314.08,87.18,357.09
test10,12/6/2019 10:09:12 AM,335.1,86.52,358.38
test10,12/6/2019 10:09:14 AM,318.53,87.62,357.9
test10,12/6/2019 10:09:16 AM,313.21,87.53,357.38
test10,12/6/2019 10:09:19 AM,308.9,87.95,357.46
test10,12/6/2019 10:09:21 AM,324.3,86.88,357.75
test10,12/6/2019 10:09:23 AM,330.53,86.93,358.27
test10,12/6/2019 10:09:26 AM,329.17,86.66,358
test10,12/6/2019 10:09:28 AM,334.61,86.8,358.48
test10,12/6/2019 10:09:30 AM,329.93,87.28,358.42
test10,12/6/2019 10:09:33 AM,343.96,86.5,358.99
test10,12/6/2019 10:09:35 AM,345.32,86.76,359.15
test10,12/6/2019 10:09:37 AM,339.56,87.32,359
test10,12/6/2019 10:09:40 AM,329.78,86.71,358.08
test10,12/6/2019 10:09:42 AM,320.17,87.27,357.73
test10,12/6/2019 10:09:44 AM,329.8,86.23,357.81
test10,12/6/2019 10:09:46 AM,320.62,86.86,357.42
test10,12/6/2019 10:09:49 AM,322.35,87.16,357.81
test10,12/6/2019 10:09:51 AM,324.99,86.56,357.59
test10,12/6/2019 10:09:53 AM,329.04,86.34,357.8
test10,12/6/2019 10:09:55 AM,326.18,86.31,357.53
test10,12/6/2019 10:09:58 AM,318.1,87.05,357.35
test10,12/6/2019 10:10:00 AM,88.11,89.82,5.45
test10,12/6/2019 10:10:02 AM,74.81,89.14,3.17
test10,12/6/2019 10:10:04 AM,76.27,89.07,3.81
test10,12/6/2019 10:10:07 AM,80.54,89.23,4.59
test10,12/6/2019 10:10:09 AM,72.02,88.61,4.28
test10,12/6/2019 10:10:11 AM,72.56,88.57,4.55
test10,12/6/2019 10:10:13 AM,78.36,88.92,5.24
test10,12/6/2019 10:10:15 AM,83.58,89.39,5.45
test10,12/6/2019 10:10:18 AM,82.64,89.28,5.58
test10,12/6/2019 10:10:20 AM,91.05,90.09,4.88
test10,12/6/2019 10:10:22 AM,85.72,89.58,5.66
test10,12/6/2019 10:10:24 AM,82.03,89.33,4.79
test10,12/6/2019 10:10:27 AM,74,89.01,3.45
test10,12/6/2019 10:10:29 AM,71.4,89.64,1.08
test10,12/6/2019 10:10:31 AM,84,89.87,1.25
test10,12/6/2019 10:10:33 AM,346.1,88.14,359.54
test10,12/6/2019 10:10:36 AM,64.99,88.91,2.33
test10,12/6/2019 10:10:38 AM,72.78,89.4,1.93
test10,12/6/2019 10:10:40 AM,75.36,89.47,2.02
test10,12/6/2019 10:10:42 AM,96.46,90.51,4.54
test10,12/6/2019 10:10:45 AM,41.37,89.33,0.59
test10,12/6/2019 10:10:47 AM,11.89,87.21,0.59
test10,12/6/2019 10:10:49 AM,24.32,88.04,0.89
test10,12/6/2019 10:10:51 AM,43.67,88.17,1.75
test10,12/6/2019 10:10:54 AM,356.97,87.48,359.87
test10,12/6/2019 10:10:56 AM,66.67,88.66,3.11
test10,12/6/2019 10:10:58 AM,22.08,87.26,1.11
test10,12/6/2019 10:11:00 AM,71.04,88.93,3.11
test10,12/6/2019 10:11:03 AM,62.8,88.55,2.82
test10,12/6/2019 10:11:05 AM,68.34,88.95,2.65
test10,12/6/2019 10:11:07 AM,72.51,89.3,2.21
test10,12/6/2019 10:11:09 AM,53.13,88.51,1.99
test10,12/6/2019 10:11:12 AM,71.85,89.23,2.34
test10,12/6/2019 10:11:14 AM,70.64,89.01,2.81
test10,12/6/2019 10:11:16 AM,70.37,88.87,3.17
test10,12/6/2019 10:11:18 AM,67.7,88.95,2.56
test10,12/6/2019 10:11:20 AM,67.09,88.74,2.98
test10,12/6/2019 10:11:23 AM,80.35,89.48,3.05
test10,12/6/2019 10:11:25 AM,62.73,88.26,3.37
test10,12/6/2019 10:11:27 AM,68.87,88.59,3.64
test10,12/6/2019 10:11:29 AM,73.07,88.8,3.95
test10,12/6/2019 10:11:32 AM,77.51,89.68,1.46
test10,12/6/2019 10:11:35 AM,51.38,88.96,1.3
test10,12/6/2019 10:11:37 AM,56.36,88.64,2.04
test10,12/6/2019 10:11:39 AM,67.68,88.56,3.52
test10,12/6/2019 10:11:41 AM,63.4,88.29,3.4
test10,12/6/2019 10:11:44 AM,31.93,88.67,0.83
test10,12/6/2019 10:11:46 AM,63.68,88.56,2.91
test10,12/6/2019 10:11:48 AM,3.62,87.29,0.17
test10,12/6/2019 10:11:50 AM,74.76,89.09,3.33
test10,12/6/2019 10:11:53 AM,84.42,89.77,2.34
test10,12/6/2019 10:11:55 AM,54.79,87.79,3.14
test10,12/6/2019 10:11:57 AM,40.21,86.92,2.6
test10,12/6/2019 10:11:59 AM,57.63,88.38,2.56
test10,12/6/2019 10:12:02 AM,78.11,89.36,3.05
test10,12/6/2019 10:12:04 AM,48.49,87.44,2.89
test10,12/6/2019 10:12:06 AM,54.12,87.57,3.36
test10,12/6/2019 10:12:08 AM,41.87,88.4,1.44
test10,12/6/2019 10:12:11 AM,64.68,88.34,3.51
test10,12/6/2019 10:12:13 AM,74.04,88.95,3.67
test10,12/6/2019 10:12:15 AM,4.12,85.92,0.29
test10,12/6/2019 10:12:17 AM,56.52,86.92,4.65
test10,12/6/2019 10:12:20 AM,33.59,87.32,1.78
test10,12/6/2019 10:12:22 AM,75.67,88.43,6.14
test10,12/6/2019 10:12:24 AM,77.13,89.3,3.07
test10,12/6/2019 10:12:26 AM,82.61,89.49,3.89
test10,12/6/2019 10:12:30 AM,67.38,88.08,4.6
test10,12/6/2019 10:12:32 AM,89.08,89.88,7.58
test10,12/6/2019 10:12:34 AM,126.47,92.97,4.01
test10,12/6/2019 10:12:37 AM,92.94,90.32,6.22
test10,12/6/2019 10:12:39 AM,111.76,92.07,5.19
test10,12/6/2019 10:12:41 AM,114.7,92.57,5.58
test10,12/6/2019 10:12:43 AM,113.27,92.42,5.62
test10,12/6/2019 10:12:46 AM,123.26,93.1,4.72
test10,12/6/2019 10:12:48 AM,130.51,93.74,4.38
test10,12/6/2019 10:12:50 AM,109.84,91.51,4.19
test10,12/6/2019 10:12:52 AM,118.79,92.72,4.94
test10,12/6/2019 10:12:55 AM,118.77,92.56,4.65
test10,12/6/2019 10:12:57 AM,124.83,92.83,4.06
test10,12/6/2019 10:12:59 AM,122.45,92.54,3.99
test10,12/6/2019 10:13:01 AM,130.6,91.23,1.43
test10,12/6/2019 10:13:03 AM,126.22,92.02,2.76
test10,12/6/2019 10:13:06 AM,131.31,93.06,3.48
test10,12/6/2019 10:13:08 AM,147.14,93.44,2.22
test10,12/6/2019 10:13:10 AM,135.37,94.14,4.09
test10,12/6/2019 10:13:12 AM,133.93,93.36,3.49
test10,12/6/2019 10:13:14 AM,131.52,93.02,3.41
test10,12/6/2019 10:13:17 AM,137.8,93.64,3.3
test10,12/6/2019 10:13:19 AM,126.65,93.19,4.28
test10,12/6/2019 10:13:21 AM,181.38,93.67,359.91
test10,12/6/2019 10:13:23 AM,125.72,91.69,2.35
test10,12/6/2019 10:13:26 AM,142.98,93.77,2.84
test10,12/6/2019 10:13:28 AM,120.73,91.94,3.25
test10,12/6/2019 10:13:30 AM,116.58,91.57,3.14
test10,12/6/2019 10:13:32 AM,120.18,92.21,3.8
test10,12/6/2019 10:13:35 AM,115.82,91.88,3.88
test10,12/6/2019 10:13:37 AM,124.83,92.66,3.81
test10,12/6/2019 10:13:39 AM,122.21,93.1,4.91
test10,12/6/2019 10:13:41 AM,104.16,91.42,5.62
test10,12/6/2019 10:13:43 AM,117.43,91.29,2.48
test10,12/6/2019 10:13:46 AM,134.31,92.47,2.53
test10,12/6/2019 10:13:48 AM,131.01,92.23,2.57
test10,12/6/2019 10:13:50 AM,128.43,92.14,2.69
test10,12/6/2019 10:13:53 AM,125.38,90.97,1.37
test10,12/6/2019 10:13:55 AM,92.37,90.2,4.88
test10,12/6/2019 10:13:57 AM,115.14,92.66,5.65
test10,12/6/2019 10:13:59 AM,119.84,93.12,5.43
test10,12/6/2019 10:14:02 AM,128.64,93.96,4.95
test10,12/6/2019 10:14:04 AM,132.81,93.67,3.96
test10,12/6/2019 10:14:06 AM,120.12,92.7,4.64
test10,12/6/2019 10:14:08 AM,121.21,92.69,4.43
test10,12/6/2019 10:14:11 AM,141.15,94.26,3.44
test10,12/6/2019 10:14:13 AM,127.37,92.52,3.3
test10,12/6/2019 10:14:15 AM,124.06,92.89,4.28
test10,12/6/2019 10:14:18 AM,118.87,92.29,4.14
test10,12/6/2019 10:14:20 AM,122.51,92.43,3.81
test10,12/6/2019 10:14:22 AM,120.39,92.9,4.93
test10,12/6/2019 10:14:24 AM,100.16,91.61,8.91
test10,12/6/2019 10:14:26 AM,107.41,92.28,7.23
test10,12/6/2019 10:14:29 AM,120.58,93.63,6.12
test10,12/6/2019 10:14:31 AM,112.39,92.99,7.23
test10,12/6/2019 10:14:33 AM,117.64,93.38,6.44
test10,12/6/2019 10:14:35 AM,114.1,92.74,6.1
test10,12/6/2019 10:14:38 AM,117.35,93.55,6.83
test10,12/6/2019 10:14:40 AM,120.53,93.86,6.52
test10,12/6/2019 10:14:42 AM,120.62,94.01,6.76
test10,12/6/2019 10:14:44 AM,142.21,94.44,3.44
test10,12/6/2019 10:14:46 AM,106.92,91.72,5.63
test10,12/6/2019 10:14:49 AM,121.64,93.75,6.07
test10,12/6/2019 10:14:51 AM,108.96,92.72,7.87
test10,12/6/2019 10:14:53 AM,114.41,93.32,7.29
test10,12/6/2019 10:14:56 AM,116.65,93.53,7.01
test10,12/6/2019 10:14:58 AM,109.75,92.25,6.25
test10,12/6/2019 10:15:00 AM,139.98,91.93,1.62
test10,12/6/2019 10:15:02 AM,120.06,93.33,5.75
test10,12/6/2019 10:15:04 AM,122,93.33,5.33
test10,12/6/2019 10:15:06 AM,124.84,93.98,5.7
test10,12/6/2019 10:15:08 AM,120.87,92.96,4.95
test10,12/6/2019 10:15:11 AM,138.19,92.97,2.66
test10,12/6/2019 10:15:13 AM,130.81,92.63,3.05
test10,12/6/2019 10:15:15 AM,126.95,93.25,4.32
test10,12/6/2019 10:15:18 AM,127.22,93.28,4.31
test10,12/6/2019 10:15:20 AM,108.19,91.75,5.31
test10,12/6/2019 10:15:22 AM,132.71,93.56,3.86
test10,12/6/2019 10:15:24 AM,137.23,94.91,4.54
test10,12/6/2019 10:15:27 AM,133.5,94.25,4.48
test10,12/6/2019 10:15:29 AM,136.32,94.21,4.03
test10,12/6/2019 10:15:31 AM,134.02,94.01,4.15
test10,12/6/2019 10:15:34 AM,143.4,94.65,3.46
test10,12/6/2019 10:15:36 AM,142.53,94.83,3.71
test10,12/6/2019 10:15:38 AM,146.81,94.38,2.87
test10,12/6/2019 10:15:40 AM,142.37,93.7,2.85
test10,12/6/2019 10:15:43 AM,122.11,92.47,3.93
test10,12/6/2019 10:15:45 AM,125.97,93.77,5.19
test10,12/6/2019 10:15:47 AM,127.13,94.14,5.46
test10,12/6/2019 10:15:49 AM,134.99,95.11,5.12
test10,12/6/2019 10:15:51 AM,114.18,92.65,5.89
test10,12/6/2019 10:15:54 AM,110.11,91.87,5.1
test10,12/6/2019 10:15:56 AM,123.53,93.5,5.27
test10,12/6/2019 10:15:58 AM,137.55,95.19,4.75
test10,12/6/2019 10:16:00 AM,130.52,94.2,4.91
test10,12/6/2019 10:16:03 AM,135.8,94.81,4.68
test10,12/6/2019 10:16:05 AM,132.15,94.75,5.24
test10,12/6/2019 10:16:07 AM,136.03,94.96,4.78
test10,12/6/2019 10:16:09 AM,123.94,94.75,7.04
test10,12/6/2019 10:16:12 AM,126.95,93.78,5.02
test10,12/6/2019 10:16:14 AM,135.37,95.1,5.03
test10,12/6/2019 10:16:16 AM,129.89,94.53,5.41
test10,12/6/2019 10:16:19 AM,125.43,94.08,5.73
test10,12/6/2019 10:16:21 AM,123.1,93.33,5.1
test10,12/6/2019 10:16:23 AM,125.91,93.58,4.94
test10,12/6/2019 10:16:25 AM,126.63,93.81,5.12
test10,12/6/2019 10:16:28 AM,138.13,95.52,4.95
test10,12/6/2019 10:16:30 AM,132.52,95.09,5.55
test10,12/6/2019 10:16:32 AM,134.6,94.08,4.13
test10,12/6/2019 10:16:34 AM,132.83,94.23,4.56
test10,12/6/2019 10:16:37 AM,130.09,94.79,5.68
test10,12/6/2019 10:16:39 AM,134.23,94.72,4.85
test10,12/6/2019 10:16:41 AM,135.65,94.83,4.72
test10,12/6/2019 10:16:43 AM,130.43,94.21,4.94
test10,12/6/2019 10:16:46 AM,134.98,94.06,4.06
test10,12/6/2019 10:16:48 AM,79.28,86.29,18.94
test10,12/6/2019 10:16:50 AM,121.71,91.11,1.8
test10,12/6/2019 10:16:52 AM,137.36,91.51,1.39
test10,12/6/2019 10:16:55 AM,138.17,91.14,1.02
test10,12/6/2019 10:16:57 AM,115.99,90.51,1.05
test10,12/6/2019 10:16:59 AM,152.55,92.02,1.05
test10,12/6/2019 10:17:01 AM,113.11,90.52,1.22
test10,12/6/2019 10:17:04 AM,158.61,92.9,1.13
test10,12/6/2019 10:17:06 AM,127.96,92.5,3.21
test10,12/6/2019 10:17:08 AM,93.48,90.12,1.92
test10,12/6/2019 10:17:10 AM,353.75,88.67,359.85
test10,12/6/2019 10:17:13 AM,99.27,91.24,7.56
test10,12/6/2019 10:17:15 AM,77.84,89.07,4.31
test10,12/6/2019 10:17:17 AM,222.46,91.46,358.67
test10,12/6/2019 10:17:20 AM,142.66,91.64,1.25
test10,12/6/2019 10:17:22 AM,36.7,87.13,2.14
test10,12/6/2019 10:17:24 AM,14.87,88.71,0.34
test10,12/6/2019 10:17:26 AM,77.56,89.34,2.99
test10,12/6/2019 10:17:28 AM,74.87,89.7,1.1
test10,12/6/2019 10:17:31 AM,85.2,89.83,2.05
test10,12/6/2019 10:17:33 AM,67.69,88.37,3.96
test10,12/6/2019 10:17:35 AM,61.69,88.41,2.96
test10,12/6/2019 10:17:37 AM,85.97,89.8,2.77
test10,12/6/2019 10:17:40 AM,60.92,89.43,1.03
test10,12/6/2019 10:17:42 AM,83.09,89.77,1.87
test10,12/6/2019 10:17:44 AM,120.51,91.25,2.13
test10,12/6/2019 10:17:46 AM,69.24,87.95,5.4
test10,12/6/2019 10:17:49 AM,76.59,88.92,4.51
test10,12/6/2019 10:17:51 AM,63.15,86.35,7.18
test10,12/6/2019 10:17:53 AM,92.25,90.19,4.7
test10,12/6/2019 10:17:55 AM,84.28,89.6,4.02
test10,12/6/2019 10:17:58 AM,78.2,89.2,3.83
test10,12/6/2019 10:18:00 AM,73.5,88.54,4.91
test10,12/6/2019 10:18:02 AM,93.11,90.28,5.16
test10,12/6/2019 10:18:04 AM,83.6,89.47,4.71
test10,12/6/2019 10:18:07 AM,82.27,89.2,5.86
test10,12/6/2019 10:18:09 AM,82.6,89.25,5.78
test10,12/6/2019 10:18:11 AM,81.31,89.29,4.62
test10,12/6/2019 10:18:13 AM,90.39,90.03,4.92
test10,12/6/2019 10:18:16 AM,88.69,89.89,4.59
test10,12/6/2019 10:18:18 AM,72.74,88.74,4.06
test10,12/6/2019 10:18:20 AM,78.42,89.02,4.78
test10,12/6/2019 10:18:22 AM,103.95,90.61,2.45
test10,12/6/2019 10:18:25 AM,79.51,89.68,1.73
test10,12/6/2019 10:18:27 AM,59.28,88.73,2.13
test10,12/6/2019 10:18:29 AM,34.52,87.89,1.45
test10,12/6/2019 10:18:31 AM,75.14,89.41,2.22
test10,12/6/2019 10:18:33 AM,63.11,88.71,2.55
test10,12/6/2019 10:18:36 AM,85.79,89.88,1.59
test10,12/6/2019 10:18:38 AM,105.25,90.4,1.47
test10,12/6/2019 10:18:40 AM,61.45,89.11,1.63
test10,12/6/2019 10:18:42 AM,50,89.28,0.86
test10,12/6/2019 10:18:45 AM,357.67,89.49,359.98
test10,12/6/2019 10:18:47 AM,27.6,89.54,0.24
test10,12/6/2019 10:18:49 AM,335.85,89.92,359.97
test10,12/6/2019 10:18:51 AM,22.8,89.36,0.27
test10,12/6/2019 10:18:53 AM,40.6,89.41,0.5
test10,12/6/2019 10:18:56 AM,81.79,89.84,1.11
test10,12/6/2019 10:18:58 AM,48.81,88.74,1.44
test10,12/6/2019 10:19:00 AM,94.38,90.14,1.86
test10,12/6/2019 10:19:02 AM,127.4,90.42,0.55
test10,12/6/2019 10:19:04 AM,99.31,90.24,1.44
test10,12/6/2019 10:19:06 AM,61.82,89.33,1.25
test10,12/6/2019 10:19:09 AM,100.37,90.36,1.97
test10,12/6/2019 10:19:11 AM,107.81,91.43,4.45
test10,12/6/2019 10:19:14 AM,90.08,90.01,4
test10,12/6/2019 10:19:17 AM,90.24,90.01,1.27
test10,12/6/2019 10:19:19 AM,316.55,89.95,359.95
test10,12/6/2019 10:19:21 AM,129.37,90.9,1.09
test10,12/6/2019 10:19:23 AM,104.86,91.11,4.19
test10,12/6/2019 10:19:26 AM,106.16,91.12,3.87
test10,12/6/2019 10:19:28 AM,87.78,89.87,3.37
test10,12/6/2019 10:19:30 AM,108.48,90.62,1.87
test10,12/6/2019 10:19:32 AM,82.39,89.61,2.88
test10,12/6/2019 10:19:35 AM,103.68,90.96,3.92
test10,12/6/2019 10:19:37 AM,95.35,90.39,4.19
test10,12/6/2019 10:19:39 AM,102.58,91.03,4.6
test10,12/6/2019 10:19:41 AM,152.07,93.08,1.63
test10,12/6/2019 10:19:44 AM,39.56,89.76,0.2
test10,12/6/2019 10:19:46 AM,104.68,90.44,1.69
test10,12/6/2019 10:19:48 AM,119.29,91.39,2.47
test10,12/6/2019 10:19:51 AM,121.3,90.96,1.59
test10,12/6/2019 10:19:53 AM,117.84,91.71,3.23
test10,12/6/2019 10:19:55 AM,129.88,91.4,1.67
test10,12/6/2019 10:19:58 AM,121.15,91.69,2.8
test10,12/6/2019 10:20:00 AM,114.2,91.09,2.42
test10,12/6/2019 10:20:02 AM,100.64,90.5,2.67
test10,12/6/2019 10:20:04 AM,103.99,90.58,2.32
test10,12/6/2019 10:20:07 AM,125.59,91.51,2.11
test10,12/6/2019 10:20:09 AM,97.93,90.4,2.87
test10,12/6/2019 10:20:11 AM,159.89,91.39,0.51
test10,12/6/2019 10:20:13 AM,145.48,91.98,1.36
test10,12/6/2019 10:20:16 AM,132.8,91.58,1.71
test10,12/6/2019 10:20:18 AM,97.18,90.28,2.22
test10,12/6/2019 10:20:20 AM,119.59,91.22,2.15
test10,12/6/2019 10:20:22 AM,75.66,89.88,0.47
test10,12/6/2019 10:20:25 AM,119.18,91.51,2.7
test10,12/6/2019 10:20:27 AM,98.69,90.25,1.66
test10,12/6/2019 10:20:29 AM,170.48,91.2,0.2
test10,12/6/2019 10:20:31 AM,126.14,90.81,1.11
test10,12/6/2019 10:20:34 AM,125.57,92.15,3
test10,12/6/2019 10:20:36 AM,111.27,91.16,2.99
test10,12/6/2019 10:20:38 AM,102.12,90.74,3.42
test10,12/6/2019 10:20:40 AM,102.16,90.78,3.6
test10,12/6/2019 10:20:43 AM,103.07,90.97,4.19
test10,12/6/2019 10:20:45 AM,103.23,91.15,4.87
test10,12/6/2019 10:20:47 AM,94.56,90.42,5.24
test10,12/6/2019 10:20:49 AM,93.32,90.25,4.33
test10,12/6/2019 10:20:51 AM,90.41,90.03,4.77
test10,12/6/2019 10:20:53 AM,97.67,90.59,4.41
test10,12/6/2019 10:20:55 AM,104.14,91.02,4.04
test10,12/6/2019 10:20:58 AM,105.78,91.27,4.5
test10,12/6/2019 10:21:00 AM,93.89,90.31,4.53
test10,12/6/2019 10:21:02 AM,91.24,90.1,4.71
test10,12/6/2019 10:21:04 AM,98.13,90.63,4.43
test10,12/6/2019 10:21:06 AM,98.79,90.67,4.29
test10,12/6/2019 10:21:09 AM,91.51,90.12,4.39
test10,12/6/2019 10:21:11 AM,95.96,90.56,5.34
test10,12/6/2019 10:21:13 AM,132.88,91.45,1.56
test10,12/6/2019 10:21:15 AM,128.98,91.94,2.39
test10,12/6/2019 10:21:17 AM,99.82,90.87,5
test10,12/6/2019 10:21:20 AM,152.13,92.36,1.25
test10,12/6/2019 10:21:22 AM,123.3,91.93,2.93
test10,12/6/2019 10:21:24 AM,128.81,91.37,1.7
test10,12/6/2019 10:21:28 AM,84.79,89.53,5.18
test10,12/6/2019 10:21:30 AM,107.27,91.38,4.44
test10,12/6/2019 10:21:32 AM,146.72,92.96,1.94
test10,12/6/2019 10:21:35 AM,141.32,92.2,1.76
test10,12/6/2019 10:21:37 AM,102.94,90.72,3.12
test10,12/6/2019 10:21:39 AM,99.72,90.65,3.78
test10,12/6/2019 10:21:42 AM,107.2,90.51,1.66
test10,12/6/2019 10:21:44 AM,56.45,88.82,1.79
test10,12/6/2019 10:21:46 AM,92.71,90.12,2.5
test10,12/6/2019 10:21:48 AM,105.64,90.66,2.36
test10,12/6/2019 10:21:51 AM,113.66,91.07,2.45
test10,12/6/2019 10:21:53 AM,94.72,90.18,2.22
test10,12/6/2019 10:21:55 AM,85.58,89.83,2.24
test10,12/6/2019 10:21:57 AM,50.17,85.66,5.2
test10,12/6/2019 10:22:00 AM,61.39,87.71,4.2
test10,12/6/2019 10:22:02 AM,332.71,71.53,350.22
test10,12/6/2019 10:22:07 AM,312.35,83.03,352.36
test10,12/6/2019 10:22:10 AM,294.66,84.55,348.26
test10,12/6/2019 10:22:12 AM,302.32,81.13,346.14
test10,12/6/2019 10:22:14 AM,319.22,77.61,349.27
test10,12/6/2019 10:22:16 AM,314.94,78.1,348.07
test10,12/6/2019 10:22:18 AM,325.9,74.4,349.29
test10,12/6/2019 10:22:21 AM,336.53,72.64,352.27
test10,12/6/2019 10:22:23 AM,325.45,71.99,347.38
test10,12/6/2019 10:22:25 AM,326.43,72.05,347.87
test10,12/6/2019 10:22:27 AM,330.86,73.91,350.86
test10,12/6/2019 10:22:30 AM,338.67,71.22,352.44
test10,12/6/2019 10:22:32 AM,330.79,69.36,348.11
test10,12/6/2019 10:22:34 AM,344.94,76.26,356.24
test10,12/6/2019 10:22:37 AM,336.55,72.24,352.09
test10,12/6/2019 10:22:39 AM,310.24,73.41,340.61
test10,12/6/2019 10:22:41 AM,313.06,71.89,340.71
test10,12/6/2019 10:22:44 AM,325.38,73.05,348.12
test10,12/6/2019 10:22:46 AM,333.01,69.81,349.39
test10,12/6/2019 10:22:48 AM,336.33,69.36,350.62
test10,12/6/2019 10:22:51 AM,328.59,66.25,344.96
test10,12/6/2019 10:22:53 AM,350.15,70.88,356.55
test10,12/6/2019 10:22:55 AM,321.23,81.06,352.8
test10,12/6/2019 10:22:57 AM,319.41,77.4,349.16
test10,12/6/2019 10:23:00 AM,329.47,68.4,346.86
test10,12/6/2019 10:23:02 AM,335.99,77.25,354.24
test10,12/6/2019 10:23:04 AM,313.64,78.95,348.43
test10,12/6/2019 10:23:06 AM,325.4,75.88,350.15
test10,12/6/2019 10:23:10 AM,320.28,77.74,349.76
test10,12/6/2019 10:23:12 AM,332.06,73.65,351.15
test10,12/6/2019 10:23:14 AM,326.45,75.91,350.55
test10,12/6/2019 10:23:17 AM,326.87,73.44,349.02
test10,12/6/2019 10:23:19 AM,330.15,74.95,351.23
test10,12/6/2019 10:23:21 AM,332.34,74.92,351.96
test10,12/6/2019 10:23:23 AM,342.57,74.44,355
test10,12/6/2019 10:23:26 AM,345.29,74.06,355.71
test10,12/6/2019 10:23:28 AM,347.93,71.14,355.82
test10,12/6/2019 10:23:30 AM,345.42,70.11,354.63
test10,12/6/2019 10:23:32 AM,345.15,71.5,354.93
test10,12/6/2019 10:23:35 AM,344.16,74.32,355.45
test10,12/6/2019 10:23:37 AM,350.01,72.71,356.86
test10,12/6/2019 10:23:39 AM,347.87,72.48,356.12
test10,12/6/2019 10:23:41 AM,339.84,72.2,353.28
test10,12/6/2019 10:23:44 AM,338.17,72.55,352.82
test10,12/6/2019 10:23:46 AM,340.31,72.73,353.65
test10,12/6/2019 10:23:48 AM,340.15,76.21,354.94
test10,12/6/2019 10:23:50 AM,341.41,73.72,354.39
test10,12/6/2019 10:23:52 AM,336.28,73.73,352.69
test10,12/6/2019 10:23:55 AM,335.97,73.1,352.28
test10,12/6/2019 10:23:57 AM,338.63,74.69,353.88
test10,12/6/2019 10:23:59 AM,344.25,73.89,355.34
test10,12/6/2019 10:24:02 AM,339.56,71.95,353.08
test10,12/6/2019 10:24:04 AM,344.86,72.09,355
test10,12/6/2019 10:24:06 AM,337.25,72.81,352.61
test10,12/6/2019 10:24:08 AM,338.11,73.38,353.16
test10,12/6/2019 10:24:11 AM,343.72,72.84,354.85
test10,12/6/2019 10:24:13 AM,342.84,74.43,355.08
test10,12/6/2019 10:24:17 AM,345.67,74.83,356.04
test10,12/6/2019 10:24:19 AM,347.13,71.18,355.55
test10,12/9/2019 5:26:34 AM,225,225,225
test10,12/9/2019 5:26:36 AM,188.68,105.57,357.57
test10,12/9/2019 5:26:38 AM,188.64,100.94,358.32
test10,12/9/2019 5:26:40 AM,224.62,93.23,356.81
test10,12/9/2019 5:26:42 AM,216.88,93.69,357.23
test10,12/9/2019 5:26:45 AM,187.09,96.76,359.15
test10,12/9/2019 5:26:47 AM,174.57,94.24,0.4
test10,12/9/2019 5:26:49 AM,191.97,97.05,358.5
test10,12/9/2019 5:26:51 AM,192.4,99.02,358
test10,12/9/2019 5:26:54 AM,189.2,100.87,358.22
test10,12/9/2019 5:26:56 AM,183.61,101.06,359.29
test10,12/9/2019 5:26:58 AM,175.5,102.17,0.97
test10,12/9/2019 5:27:00 AM,174.29,101.92,1.21
test10,12/9/2019 5:27:03 AM,177.45,100.99,0.5
test10,12/9/2019 5:27:05 AM,177.08,101.15,0.58
test10,12/9/2019 5:27:07 AM,187.62,99.55,358.71
test10,12/9/2019 5:27:10 AM,184.5,100.8,359.14
test10,12/9/2019 5:27:12 AM,166.64,101.98,2.89
test10,12/9/2019 5:27:14 AM,177.65,99.17,0.38
test10,12/9/2019 5:27:16 AM,186.23,100.27,358.87
test10,12/9/2019 5:27:19 AM,183.72,102.42,359.18
test10,12/9/2019 5:27:22 AM,185.62,101.79,358.82
test10,12/9/2019 5:27:24 AM,185.83,101.63,358.8
test10,12/9/2019 5:27:26 AM,191.22,99.58,358.08
test10,12/9/2019 5:27:29 AM,188.16,99.36,358.65
test10,12/9/2019 5:27:31 AM,190.24,100.36,358.11
test10,12/9/2019 5:27:33 AM,187.85,99.51,358.68
test10,12/9/2019 5:27:36 AM,187.05,100.52,358.69
test10,12/9/2019 5:27:38 AM,186.89,99.83,358.8
test10,12/9/2019 5:27:40 AM,182.94,102,359.37
test10,12/9/2019 5:27:42 AM,193.86,102.01,356.99
test10,12/9/2019 5:27:44 AM,186.54,103.36,358.44
test10,12/9/2019 5:27:47 AM,188.84,103.24,357.9
test10,12/9/2019 5:27:49 AM,187.62,103.13,358.21
test10,12/9/2019 5:27:51 AM,188.25,103.41,358.02
test10,12/9/2019 5:27:53 AM,186.77,104.11,358.29
test10,12/9/2019 5:27:56 AM,186.23,104.13,358.43
test10,12/9/2019 5:27:58 AM,184.43,104.46,358.86
test10,12/9/2019 5:28:00 AM,185.65,103.74,358.61
test10,12/9/2019 5:28:02 AM,188.41,103.55,357.96
test10,12/9/2019 5:28:05 AM,188.41,103.31,358
test10,12/9/2019 5:28:07 AM,188.52,103.88,357.88
test10,12/9/2019 5:28:09 AM,187.22,104.57,358.11
test10,12/9/2019 5:28:12 AM,185.67,104.33,358.55
test10,12/9/2019 5:28:14 AM,187.27,103.98,358.18
test10,12/9/2019 5:28:16 AM,187.64,103.8,358.11
test10,12/9/2019 5:28:18 AM,187.11,104.71,358.13
test10,12/9/2019 5:28:20 AM,186.77,104.48,358.24
test10,12/9/2019 5:28:23 AM,187.68,104.62,357.98
test10,12/9/2019 5:28:25 AM,187.99,104.57,357.91
test10,12/9/2019 5:28:27 AM,186.5,104.73,358.28
test10,12/9/2019 5:28:29 AM,185.63,105.16,358.47
test10,12/9/2019 5:28:32 AM,187.43,103.8,358.17
test10,12/9/2019 5:28:34 AM,194.13,103.3,356.59
test10,12/9/2019 5:28:36 AM,192.45,102.48,357.2
test10,12/9/2019 5:28:38 AM,187.49,104.03,358.12
test10,12/9/2019 5:28:41 AM,192.28,103.74,356.95
test10,12/9/2019 5:28:43 AM,189.82,103.78,357.57
test10,12/9/2019 5:28:45 AM,189.16,104.52,357.61
test10,12/9/2019 5:28:47 AM,188.93,104.67,357.64
test10,12/9/2019 5:28:50 AM,190.34,104.15,357.37
test10,12/9/2019 5:28:52 AM,189.86,104.29,357.47
test10,12/9/2019 5:28:54 AM,189.79,104.56,357.43
test10,12/9/2019 5:28:57 AM,189.77,105.36,357.29
test10,12/9/2019 5:28:59 AM,190.18,105.62,357.13
test10,12/9/2019 5:29:01 AM,190.07,105.05,357.26
test10,12/9/2019 5:29:03 AM,189.78,105.38,357.29
test10,12/9/2019 5:29:06 AM,190.15,105.07,357.24
test10,12/9/2019 5:29:08 AM,188.45,105.94,357.57
test10,12/9/2019 5:29:10 AM,189.99,105.87,357.13
test10,12/9/2019 5:29:13 AM,206.58,101.17,354.36
test10,12/9/2019 5:29:15 AM,188.58,105.16,357.66
test10,12/9/2019 5:29:17 AM,189.85,103.61,357.59
test10,12/9/2019 5:29:19 AM,189.4,103.91,357.65
test10,12/9/2019 5:29:22 AM,194.78,104.19,356.18
test10,12/9/2019 5:29:24 AM,191.48,105.04,356.88
test10,12/9/2019 5:29:26 AM,189.99,105.77,357.15
